Place ID,Place Name,Address
ChIJ60Ywx3eeaYgRwGzNUtf272c,Costco Wholesale,"5020 NORTON HEALTHCARE BLVD, LOUISVILLE, KY 40241, USA"
ChIJ60Ywx3eeaYgRRMQmODcCyiA,Costco Gas Station,"5020 NORTON HEALTHCARE BLVD, LOUISVILLE, KY 40241, USA"
ChIJZ0HEHXqeaYgR9oTWOwsi2as,Dairy Queen Grill & Chill,"4811 NORTON HEALTHCARE BLVD, LOUISVILLE, KY 40241, USA"
ChIJkX2HWHaeaYgRuRGtFMIsNEg,Norton Pharmacy - Brownsboro,"4960 NORTON HEALTHCARE BLVD LEVEL 1, LOUISVILLE, KY 40241, USA"
ChIJ09v8xu-faYgRfyni4q7Yn1c,Costco Pharmacy,"5020 NORTON HEALTHCARE BLVD, LOUISVILLE, KY 40241, USA"
ChIJgY63zZWeaYgRdfelamXdDCQ,Walmart Supercenter,"3706 DIANN MARIE RD, LOUISVILLE, KY 40241, USA"
ChIJAbQX03GfaYgRlfZw_cDMrZc,Public Storage,"3913 ACCOMACK DR, LOUISVILLE, KY 40241, USA"
ChIJ931LjsCfaYgR69hSr92l-ws,Apotheco Pharmacy Louisville,"3582 SPRINGHURST BLVD, LOUISVILLE, KY 40241, USA"
ChIJVc5dD5SeaYgRwkfVpbZi-4o,Walmart Pharmacy,"3706 DIANN MARIE RD, LOUISVILLE, KY 40241, USA"
ChIJXZJyJACZaYgRlqvEosy4URw,Kroger Wine and Spirits,"12440 KY-146, LOUISVILLE, KY 40245, USA"
ChIJV3WRE8C48ygR9M7oWJFqUSk,AffirmedRx,"10200 FOREST SPRINGS DR, LOUISVILLE, KY 40223, USA"
ChIJ-0IJx3FzaYgRfR2JX2UsSuU,Hill Lane M,"800 ZORN AVE, LOUISVILLE, KY 40206, USA"
ChIJ-0IJx3FzaYgRrKtfbGlCEqA,Hill Laura J,"800 ZORN AVE, LOUISVILLE, KY 40206, USA"
ChIJ-0IJx3FzaYgRZCr47higa7U,"Stacy L. Dobbs, Pharm","800 ZORN AVE, LOUISVILLE, KY 40206, USA"
ChIJ-0IJx3FzaYgRl5pTe2k_Te4,Canada Charles A,"800 ZORN AVE, LOUISVILLE, KY 40206, USA"
ChIJ-0IJx3FzaYgRHAaQayz6KJg,Finnell Lisa H,"800 ZORN AVE, LOUISVILLE, KY 40206, USA"
ChIJ-0IJx3FzaYgRkV3jgC4v4xY,Wyant Michael B,"800 ZORN AVE, LOUISVILLE, KY 40206, USA"
ChIJ-0IJx3FzaYgRVGojJC7VLuQ,Mc Daniel Gail,"800 ZORN AVE, LOUISVILLE, KY 40206, USA"
ChIJ-0IJx3FzaYgRK4IZ5w-ChBg,Esterle Richard L,"800 ZORN AVE, LOUISVILLE, KY 40206, USA"
ChIJ-0IJx3FzaYgRyAPbMNxij2A,Rueff Denise N,"800 ZORN AVE, LOUISVILLE, KY 40206, USA"
ChIJ-0IJx3FzaYgRJ_NTTWtbWF8,Gordon Angela M,"800 ZORN AVE, LOUISVILLE, KY 40206, USA"
ChIJ-0IJx3FzaYgRsYyLFnunvWg,Matuschka Paul R,"800 ZORN AVE #119, LOUISVILLE, KY 40206, USA"
ChIJ-0IJx3FzaYgRJDEA56EeUOU,Gentleman William B,"800 ZORN AVE, LOUISVILLE, KY 40206, USA"
ChIJ-0IJx3FzaYgRymtgY7QgDYc,Dukes Larry G,"800 ZORN AVE, LOUISVILLE, KY 40206, USA"
ChIJ-0IJx3FzaYgRQeoiHgMOH0M,Hacker Oscar B,"800 ZORN AVE, LOUISVILLE, KY 40206, USA"
ChIJ-0IJx3FzaYgRcxEG_vQjdUY,Kersey Dale L,"800 ZORN AVE, LOUISVILLE, KY 40206, USA"
ChIJ-0IJx3FzaYgR_ddx3nXdNyg,Sandusky Charles,"800 ZORN AVE, LOUISVILLE, KY 40206, USA"
ChIJ-0IJx3FzaYgRj7-A9ZEDdT4,Weitendorf Frederick,"800 ZORN AVE, LOUISVILLE, KY 40206, USA"
ChIJ-0IJx3FzaYgRXr2xZt4sDjM,"David L. Mcleland, RPH","800 ZORN AVE, LOUISVILLE, KY 40206, USA"
ChIJ01UKx3FzaYgRR9NodtnIFDw,Louisville VA Medical Center,"800 ZORN AVE, LOUISVILLE, KY 40206, USA"
ChIJAQDAVb9yaYgRdj2po6B4k-M,MainPointe Pharmaceuticals,"2604 RIVER GREEN CIR, LOUISVILLE, KY 40206, USA"
ChIJcVDhM6Z1aYgReMlEYiBM91g,Luckett Tobaccos Inc,"2000 WARRINGTON WAY # 163, LOUISVILLE, KY 40222, USA"
ChIJn2Zq6qV1aYgR-IiL3PllXro,Kroger Fuel Center,"4946 US-42, LOUISVILLE, KY 40222, USA"
ChIJs2ps8KV1aYgR2v30vPbQEyQ,AT&T Store,"4936 US-42, LOUISVILLE, KY 40222, USA"
ChIJK7LbOrqfaYgRRoohjPf1jWw,WEX Fuel Management,"9500 ORMSBY STATION RD #402, LOUISVILLE, KY 40223, USA"
ChIJBRSXm6-faYgRCJkZKrZjZak,Omnicare,"9960 CORPORATE CAMPUS DR, LOUISVILLE, KY 40223, USA"
ChIJP9pQXsCfaYgRH4fwlsAGeXA,Pharmacy Alternatives,"805 N WHITTINGTON PKWY, LOUISVILLE, KY 40223, USA"
ChIJfUfMQuyhaYgRuKLyfP-Ud6U,PharMerica Corporation,"805 N WHITTINGTON PKWY, LOUISVILLE, KY 40222, USA"
ChIJnWUEehifaYgRNMM1jDmEe7I,United States Postal Service,"11501 PARK RD, LOUISVILLE, KY 40223, USA"
ChIJ0ara_kafaYgRFakhnBC_TL8,M. Joseph Medical,"11900 BRINLEY AVE # 200, LOUISVILLE, KY 40243, USA"
ChIJ0exaQ4WfaYgRzFOllqbxMt4,Extra Space Storage,"3014 N WINCHESTER ACRES RD, LOUISVILLE, KY 40245, USA"
ChIJ2Y7SVdaYaYgRAZDjmQ1Cufs,Accredo Health Services,"2115 STANLEY GAULT PKWY # 150, LOUISVILLE, KY 40223, USA"
ChIJk_YsW-yhaYgR6VydjC--tnU,Onco360 Oncology Pharmacy,"13410 EASTPOINT CENTRE DR, LOUISVILLE, KY 40223, USA"
ChIJlz258ZaZaYgRyeuYEoPcKuE,Norton Specialty Pharmacy,"2700 STANLEY GAULT PKWY #103, LOUISVILLE, KY 40223, USA"
ChIJM1lLj9mYaYgRIU1LU-4zDX8,BluePearl Pet Hospital,"13160 MAGISTERIAL DR, LOUISVILLE, KY 40223, USA"
ChIJq6rqzLmYaYgR3AqfiEEmLxU,Neil Medical Group,"13040 EASTGATE PARK WAY, LOUISVILLE, KY 40223, USA"
ChIJ0b8_nK2YaYgR07I837txWoQ,Preferred Medical Network,"2400 BUSH RIDGE DR, LOUISVILLE, KY 40245, USA"
ChIJLZh6E6eZaYgR-CWgn5CUeW4,The Phancy Pharmer,"3515 WOODMONT PARK LN, LOUISVILLE, KY 40245, USA"
ChIJezs62jxtaYgR0UAja6qwXak,Market Liquor,"11AM- 2A, SUN 1PM-1AM, 2800 W MARKET ST, LOUISVILLE, KY 40212, USA"
ChIJw75SHr9yaYgRO_eaIu26Fe8,Waterfront Bourbon Wine & Spirits,"ENTRANCE ON FLOYD, 222 E WITHERSPOON ST, LOUISVILLE, KY 40202, USA"
ChIJLVv8w7ZyaYgRayLQdsYu6o0,Medical Towers Pharmacy,"MEDICAL TOWERS SOUTH, 234 E GRAY ST, LOUISVILLE, KY 40202, USA"
ChIJq_Q5GilzaYgRjf2upYfeCtE,University of Louisville Outpatient Pharmacy,"550 S JACKSON ST, LOUISVILLE, KY 40202, USA"
ChIJNTTWUQBzaYgRipk60w7rrt0,U of L Health Pharmacy,"200 ABRAHAM FLEXNER WAY, LOUISVILLE, KY 40202, USA"
ChIJO9RezeJzaYgRy--j3kqjdrY,Norton Children's Infusion Pharmacy - Novak Center,"411 E CHESTNUT ST SUITE 497, LOUISVILLE, KY 40202, USA"
ChIJTSvDY39zaYgRAhlcJrsgoWA,Smoke N Snacks Mini Mart,"1029 US-150, LOUISVILLE, KY 40204, USA"
ChIJC3EvUGdzaYgRCg0U0_xKrnI,Lode,"1001 E WASHINGTON ST, LOUISVILLE, KY 40206, USA"
ChIJhe8g0oyfaYgReQMuUYFXJRY,Chevron,"9401 WILLIAMSBURG PLAZA #201, LOUISVILLE, KY 40222, USA"
ChIJIwF9go2faYgRumrZNWiDT6I,Flo Charging Station,"309 PALAZZO CIR, LOUISVILLE, KY 40222, USA"
ChIJIfCgwQugaYgRWpoptj8QLuY,Water Works Car Wash of Jeffersontown,"CHEVRON AND NEXT TO URBAN ACTIVE, 8820 SALSMAN DR BEHIND, LOUISVILLE, KY 40220, USA"
ChIJ7ZyhsrehaYgRRe9bIDyQ070,Marathon,"10921 PLANTSIDE DR, LOUISVILLE, KY 40299, USA"
ChIJ-SGgTbahaYgR49l1ODD6pSw,Key Stone Fuel Station,"10921 PLANTSIDE DR, LOUISVILLE, KY 40299, USA"
ChIJKfbANjKhaYgRQfMWf7PEg9g,Synchrony Rx@Home,"2703 CHESTNUT STATION COURT, LOUISVILLE, KY 40299, USA"
ChIJvScUKrihaYgRmtb-RA4mQQU,Nutrishare,"11020 PLANTSIDE DR, LOUISVILLE, KY 40299, USA"
ChIJq6rqzLmYaYgR3AqfiEEmLxU,Neil Medical Group,"13040 EASTGATE PARK WAY, LOUISVILLE, KY 40223, USA"
ChIJK5vldX4TaYgRrcGGeBzeSDo,Pacific Pride,"3500 BELLS LN, LOUISVILLE, KY 40211, USA"
ChIJc7EthxgTaYgRI7zggypexkw,Inner Plant Systems,"3500 BELLS LN, LOUISVILLE, KY 40211, USA"
ChIJRSyKV2kNaYgR3umXQr16CUA,Stop N Go Smokes & Liquor,"427 WARNOCK ST, LOUISVILLE, KY 40217, USA"
ChIJV9aUWWkNaYgR_nZS5Spslac,24/7 Stop & Go,"427 WARNOCK ST, LOUISVILLE, KY 40217, USA"
ChIJFx4ptlENaYgRruOQRvoER7w,Urban Express Mini Mart,"207 W ORMSBY AVE, LOUISVILLE, KY 40203, USA"
ChIJh5GcSWwNaYgRBD-ly_vQ8y4,Medical Arts Pharmacy,"1169 EASTERN PKWY STE 1110, LOUISVILLE, KY 40217, USA"
ChIJA9Aebc4NaYgRzqWCGn2tKi0,Norton Pharmacy - Audubon,"NORTON MEDICAL PLAZA WEST, 2355 POPLAR LEVEL RD FIRST FLOOR, LOUISVILLE, KY 40217, USA"
ChIJU7e-HiNzaYgRbpguNG5hSxE,Vines Wine Bar & Spirit Shop,"1985 DOUGLASS BLVD, LOUISVILLE, KY 40205, USA"
ChIJeVmo0KQMaYgRFFm6bpSe0T0,"William D. Antle, R","2200 DUNDEE RD, LOUISVILLE, KY 40205, USA"
ChIJQQb7gtIKaYgR7qdLiAM7i9I,Louisville Compounding Pharmacy,"3930 DUPONT CIR APT 1, LOUISVILLE, KY 40207, USA"
ChIJP6rlTgwTaYgRItb_6sthGQ4,Mid-Nite Liquors,"3200 RALPH AVE, LOUISVILLE, KY 40216, USA"
ChIJT2E5f4MNaYgRVIVhsWC3Vd8,Bluegrass Healthcare Management Group,"4226 ALLMOND AVE, LOUISVILLE, KY 40209, USA"
ChIJv2NBk4sMaYgRkm7CrI-jz6M,New Vitalis Pharmacy,"4139 CADILLAC CT STE 201, LOUISVILLE, KY 40213, USA"
ChIJDzZX5YALaYgRSJzaJTGVwgo,Omnicare Inc.,"4400 OLE BRICKYARD CIR, LOUISVILLE, KY 40218, USA"
ChIJQRSZgj4UaYgROYNC2T1MqKE,Public Storage,"5550 GREENBELT HWY, LOUISVILLE, KY 40216, USA"
ChIJy9VEBUOgaYgRTNFE7bW-sl0,RxAlternatives,"9813 MERIONETH DR, LOUISVILLE, KY 40299, USA"
ChIJ_1trEuCgaYgR5jlYUzDwyUU,ChargePoint Charging Station,"NA, CHENOWETH PARK RD, LOUISVILLE, KY 40299, USA"
ChIJU3X7_pChaYgRYE9cO90HDOA,Southern Glazers Wine & Spirits,"2801 CONSTANT COMMENT PL, LOUISVILLE, KY 40299, USA"
ChIJ0RHpT5GhaYgRS6nxcahnCqY,Synchrony Pharmacy - Louisville,"2701 CHESTNUT STATION COURT, LOUISVILLE, KY 40299, USA"
ChIJKfbANjKhaYgRQfMWf7PEg9g,Synchrony Rx@Home,"2703 CHESTNUT STATION COURT, LOUISVILLE, KY 40299, USA"
ChIJFUtKPbKhaYgR9IwAZi-S6XA,"MAGNA Pharmaceuticals, Inc.","10801 ELECTRON DR, LOUISVILLE, KY 40299, USA"
ChIJKWz0vYmjaYgRy6HClQXwgvw,"CRST The Transportation Solution, Inc.","2903 S ENGLISH STATION RD, LOUISVILLE, KY 40299, USA"
ChIJJ5Ru0noMaYgR4R8UO46pC9M,"Varitech, Inc.","4647 PINEWOOD RD, LOUISVILLE, KY 40218, USA"
ChIJral7HjUKaYgR1aJ6eaYkM10,AmerisourceBergen,"6001 GLOBAL DISTRIBUTION WY # 102, LOUISVILLE, KY 40228, USA"
ChIJdShpoXwWaYgRlkd6BVs3Wik,Marathon Gas,"7520 DISTRIBUTION DR, LOUISVILLE, KY 40258, USA"
ChIJU5RGgRsSaYgRehdi7wEsjCo,ChargePoint Charging Station,"KNOLL GATE RD, LOUISVILLE, KY 40214, USA"
ChIJbQAKGmgOaYgRcNaQP1BAAL4,Clean N' Green Fuel,"7501 GRADE LN, LOUISVILLE, KY 40219, USA"
ChIJuejbHm4OaYgRIHhWS_AFJBE,Kuhl's Beer Depot & Eats,"7302 GRADE LN, LOUISVILLE, KY 40219, USA"
ChIJSfpd3_8NaYgR7tXVSVPXgsY,Tienda Catracho,"414 E KENWOOD DR, LOUISVILLE, KY 40214, USA"
ChIJP4-LzkcPaYgR2I32jgZGAmo,RaceTrac,"800 AIR COMMERCE DR, LOUISVILLE, KY 40219, USA"
ChIJUzDjh50OaYgRqLWG4W-Zt-o,Universal EV Charging Station,"6551 PARAMOUNT PARK DR, LOUISVILLE, KY 40213, USA"
ChIJLS50mZ0OaYgRrnsYsj_N7hA,Universal Charging Station,"6601 PARAMOUNT PARK DR, LOUISVILLE, KY 40213, USA"
ChIJq6qqqrsLaYgR_VrJVsAxYVI,RX Crossroads,"5101 AIR COMMERCE DR, LOUISVILLE, KY 40218, USA"
ChIJ6ewkX-ILaYgRjnKQ8sJSjxk,RxCrossroads by McKesson,"5101 JEFF COMMERCE DR, LOUISVILLE, KY 40219, USA"
ChIJHXElN8kIaYgRVkJU4Iqn15k,Stoker's,"5201 INTERCHANGE WAY, LOUISVILLE, KY 40229, USA"
ChIJw_5FZ-qnaYgRNRWMFc5Gewg,Top Choice Health Insurance Plans 2025,"8700 SANCTUARY LN, LOUISVILLE, KY 40291, USA"
ChIJUZW9TvMJaYgR9IyKme7ipHU,Laugh Out Loud Smoker,"135 MKT PL DR SUITE G, LOUISVILLE, KY 40229, USA"
ChIJqSpcurwIaYgR2KDedzC_fzc,Marathon Gas,"155 HILLVIEW BLVD, LOUISVILLE, KY 40229, USA"
ChIJecXmsLwIaYgR4_-vcPNP4gg,FiveStar,"155 HILLVIEW BLVD, LOUISVILLE, KY 40229, USA"
ChIJ18jZaKYIaYgRZwWu04o13ZU,Price Less Foods,"175 MKT PL DR, LOUISVILLE, KY 40229, USA"
ChIJhcV6VkUZTIYR2cIrFrTAYrs,Scooter's Coffee,"110 MKT PL DR, LOUISVILLE, KY 40229, USA"
ChIJs4qgtKYIaYgRylJggoBkVUQ,MY PHARMACY,"170 DR ARLA WAY, LOUISVILLE, KY 40229, USA"
